Country,Port_Name ,UN_Code,Vessels_in_Port,Departures,Arrivals,Expected_Arrivals,Type,Area_Local,Area_Global
China,Shanghai,CNSHG,2420,1376,1626,644,Port,East China Sea,Central China
China,Nantong,CNNTG,1572,1173,1287,234,Port,East China Sea,Central China
China,Cjk,CNCJK,1529,343,370,310,Anchorage,East China Sea,Central China
China,Nanjing,CNNKG,1414,667,1060,203,Port,East China Sea,Central China
China,Jiangyin,CNJIA,1112,1076,1070,166,Port,East China Sea,Central China
Singapore,Singapore,SGSIN,1109,1682,1748,1205,Port,Singapore Area,Indonesia
China,Zhangjiagang,CNZJG,1094,653,608,120,Port,East China Sea,Central China
China,Zhoushan,CNZOS,1064,791,839,463,Port,East China Sea,Central China
China,Yangzhou,CNYZH,945,654,786,47,Port,East China Sea,Central China
China,Tianjin,CNTXG,868,409,428,225,Port,Bohai Sea,North China
China,Jinzhou Anch,Null,863,192,292,5,Anchorage,Bohai Sea,North China
Hong Kong,Hong Kong,HKHKG,833,766,753,202,Port,South China,South China
Netherlands,Amsterdam,NLAMS,767,179,228,131,Port,North Sea,UK Coast & Atlantic
China,Lanshan,CNLSN,731,472,641,80,Port,Yellow Sea,North China
China,Jingjiang,CNTSI,716,679,843,62,Port,East China Sea,Central China
Belgium,Antwerp,BEANR,686,211,247,187,Port,Antwerp Area,UK Coast & Atlantic
China,Quanzhou,CNQZJ,662,204,129,71,Port,East China Sea,South China
China,Guangzhou,CNGZG,638,234,296,132,Port,South China,South China
China,Huanghua Anch,Null,602,344,399,1,Anchorage,Bohai Sea,North China
China,Fangcheng,CNFAN,562,259,336,81,Port,South China,South China
China,Zhanjiang,CNZHA,550,45,83,105,Port,South China,South China
China,Ningbo,CNNBG,534,480,576,366,Port,East China Sea,Central China
Singapore,Singapore Anch,Null,516,1271,1224,71,Anchorage,Singapore Area,Indonesia
USA,Fort Lauderdale,USFLL,491,21,41,5,Port,US East Coast,US East Coast
Turkey,Istanbul,TRIST,486,455,496,73,Canal,Marmara Sea,Black Sea
China,Xiamen,CNXMG,465,162,164,123,Port,East China Sea,South China
China,Caofeidian,CNCFD,460,339,323,235,Port,Bohai Sea,North China
Korea,Busan,KRPUS,438,362,351,252,Port,North China,North China
China,Lianyungang,CNLYG,416,84,187,127,Port,Yellow Sea,North China
USA,Seattle,USSEA,407,158,170,31,Port,US West Coast,US West Coast
China,Shidao,CNSHD,403,349,400,35,Port,Yellow Sea,North China
Korea,Incheon,KRINC,391,149,204,121,Port,Yellow Sea,North China
Germany,Hamburg,DEHAM,389,69,83,72,Port,Elbe River,UK Coast & Atlantic
China,Qingdao,CNQDG,387,202,212,290,Port,Yellow Sea,North China
Taiwan,Kaohsiung,TWKHH,372,112,113,116,Port,South China,South China
USA,Houston,USHOU,369,90,103,143,Port,Gulf of Mexico,Gulf of Mexico
USA,San Diego,USSAN,369,53,69,25,Port,US West Coast,US West Coast
China,Changzhou,CNCZX,364,319,403,52,Port,East China Sea,Central China
USA,New York,USNYC,351,150,158,97,Port,Hudson River,US East Coast
USA,New Orleans,USMSY,351,70,87,86,Port,Gulf of Mexico,Gulf of Mexico
China,Xinhui,CNXIN,340,73,154,40,Port,South China,South China
China,Minhang,CNMNG,332,197,256,24,Port,East China Sea,Central China
China,Zhenjiang,CNZHE,321,926,952,119,Port,East China Sea,Central China
China,Taizhou,CNTZO,319,45,92,160,Port,East China Sea,Central China
China,Taicang,CNTAG,312,496,501,147,Port,East China Sea,Central China
Korea,Ulsan,KRUSN,303,298,312,142,Port,North China,North China
China,Laizhou Bay,Null,300,75,103,4,Anchorage,Bohai Sea,North China
Korea,Yeosu,KRYOS,284,311,353,161,Port,East China Sea,North China
China,Tianjin Anch,Null,283,326,408,3,Anchorage,Bohai Sea,North China
China,Pingtan,Null,278,31,34,16,Port,East China Sea,South China
Spain,Palma De Mallorca,ESPMI,276,73,76,15,Port,Balearic Sea,West Mediterranean
China,Yantai,CNYTG,271,323,325,114,Port,Bohai Sea,North China
China,Zhongshan,CNZSN,271,146,181,33,Port,South China,South China
China,Dalian,CNDLC,266,197,208,188,Port,Yellow Sea,North China
China,Rizhao,CNRZH,265,296,320,110,Port,Yellow Sea,North China
China,Qinzhou,CNQZH,262,110,98,77,Port,South China,South China
Netherlands,Rotterdam Waalhaven,NLWAL,260,148,184,6,Port,Rotterdam Area,UK Coast & Atlantic
China,Qinhuangdao,CNSHP,255,209,184,101,Port,Bohai Sea,North China
China,Longkou,CNLKU,255,432,493,55,Port,Bohai Sea,North China
United Arab Emirates,Dubai,AEDXB,247,35,56,25,Port,Dubai Area,Arabian Gulf
China,Ningbo Anch,Null,243,160,208,0,Anchorage,East China Sea,Central China
China,Huanghua,CNHUH,231,95,114,97,Port,Bohai Sea,North China
China,Dong Guan,CNDGG,231,84,102,94,Port,South China,South China
China,Nantong Anch,Null,229,214,206,2,Anchorage,East China Sea,Central China
China,Wenzhou Anch,Null,228,98,105,1,Anchorage,East China Sea,Central China
China,Huizhou,CNHUI,226,72,86,104,Port,South China,South China
Netherlands,Enkhuizen,NLENK,221,188,196,2,Port,North Sea,UK Coast & Atlantic
Vietnam,Hai Phong,VNHPH,215,78,103,70,Port,SouthNullEast Asia,SouthNullEast Asia
Canada,Vancouver,CAVAN,211,70,88,71,Port,West Coast Canada,West Coast Canada
China,Majishan,CNMJS,206,197,227,22,Port,East China Sea,Central China
Russia,St Petersburg,RULED,201,43,41,63,Port,Finland Gulf,"Inland, Russia"
Netherlands,Harlingen,NLHAR,200,83,129,34,Port,North Sea,UK Coast & Atlantic
USA,Miami,USMIA,200,66,65,14,Port,US East Coast,US East Coast
Romania,Constanta,ROCND,198,30,18,78,Port,Black Sea,Black Sea
China,Yangpu,CNYPG,197,75,76,56,Port,South China,South China
China,Zhapu,CNZAP,191,143,142,125,Port,East China Sea,Central China
Indonesia,Batu Ampar,IDBUR,187,128,124,40,Port,Singapore Area,Indonesia
Indonesia,Jakarta,IDJKT,186,95,116,81,Port,Java Sea,Indonesia
China,Nansha,CNNSA,181,280,281,99,Port,South China,South China
Netherlands,Rotterdam,NLRTM,179,199,193,336,Port,Rotterdam Area,UK Coast & Atlantic
USA,Anacortes,USOTS,179,75,90,6,Port,West Coast Canada,West Coast Canada
Korea,Mokpo,KRMOK,177,102,94,51,Port,Yellow Sea,North China
Belgium,Ghent,BEGNE,176,86,74,42,Port,Antwerp Area,UK Coast & Atlantic
USA,Norfolk,USORF,175,28,37,40,Port,US East Coast,US East Coast
Spain,Valencia,ESVLC,173,40,41,30,Port,Balearic Sea,West Mediterranean
China,Fuling,CNFLG,173,15,45,14,Port,"Inland, China","Inland, China"
China,Changshu,CNCGU,171,282,296,47,Port,East China Sea,Central China
Turkey,Bodrum,TRBXN,171,72,73,8,Port,Aegean Sea,East Mediterranean
China,Gaogang,CNGAO,171,123,118,3,Port,East China Sea,Central China
Netherlands,Dordrecht,NLDOR,170,86,100,10,Port,Rotterdam Area,UK Coast & Atlantic
China,Ningde Anch,Null,170,110,120,4,Anchorage,East China Sea,South China
China,Weihai,CNWEI,169,134,179,35,Port,Yellow Sea,North China
Russia,Vladivostok,RUVVO,168,55,65,79,Port,CIS Pacific,CIS Pacific
United Kingdom,Plymouth,GBPLY,168,40,72,9,Port,English Channel,UK Coast & Atlantic
China,Jingtang Anch,Null,167,96,103,3,Anchorage,Bohai Sea,North China
Italy,Genova,ITGOA,165,55,44,42,Port,Ligurean Sea,West Mediterranean
Vietnam,Ho Chi Minh,VNSGN,163,42,63,60,Port,SouthNullEast Asia,SouthNullEast Asia
Spain,Barcelona,ESBCN,162,119,122,32,Port,Balearic Sea,West Mediterranean
Indonesia,Muara Berau Anch,IDMUB,162,59,61,6,Anchorage,Makassar Strait,Indonesia
USA,Fourchon,USFOC,160,58,86,68,Port,Gulf of Mexico,Gulf of Mexico
Malaysia,Port Klang,MYPKG,158,91,106,143,Port,Malacca Strait,Indonesia
China,Liuheng,CNLHE,158,312,304,27,Port,East China Sea,Central China
China,Tongling,CNTOL,158,43,74,25,Port,"Inland, China","Inland, China"
China,Meizhou Island,Null,156,205,256,1,Port,East China Sea,South China
Turkey,Istanbul Anch,Null,154,169,164,1,Anchorage,Marmara Sea,Black Sea
China,Nansha Anch,Null,151,234,223,16,Anchorage,South China,South China
Netherlands,Rotterdam Botlek,NLBOT,150,160,172,11,Port,Rotterdam Area,UK Coast & Atlantic
Turkey,Gocek,TRGCK,150,37,63,9,Port,East Mediterranean,East Mediterranean
China,Lanshan Anch,Null,150,300,309,1,Anchorage,Yellow Sea,North China
Spain,Las Palmas,ESLPA,149,66,78,114,Port,West Africa,West Africa
China,Lianyungang Anch,Null,149,116,102,4,Anchorage,Yellow Sea,North China
Taiwan,Taichung,TWTXG,148,112,70,67,Port,East China Sea,South China
China,Zhangzhou,CNZZU,148,80,84,38,Port,East China Sea,South China
Turkey,Tuzla,TRTUZ,148,53,59,14,Port,Marmara Sea,Black Sea
India,Mumbai Anch,Null,148,88,82,3,Anchorage,West Coast India,West Coast India
USA,Marina Del Rey,USMDX,146,39,57,1,Port,US West Coast,US West Coast
Netherlands,Rotterdam Centrum,Null,146,165,152,1,Port,Rotterdam Area,UK Coast & Atlantic
Poland,Gdansk,PLGDN,145,75,92,36,Port,Baltic Sea,Baltic Sea
Germany,Rostock,DERSK,145,66,81,17,Port,Baltic Sea,Baltic Sea
China,Huangpu,CNHUA,144,193,207,29,Port,South China,South China
Sweden,Stockholm,SESTO,144,98,100,6,Port,Baltic Sea,Baltic Sea
USA,Newport,USNOZ,144,104,104,4,Port,US East Coast,US East Coast
Russia,Murmansk,RUMMK,143,44,52,55,Port,Barents Sea,North Coast CIS
Germany,Bremerhaven,DEBRV,142,80,80,35,Port,Elbe River,UK Coast & Atlantic
China,Jiangyin Anch,Null,141,122,108,0,Anchorage,East China Sea,Central China
United Arab Emirates,Fujairah Anch,Null,140,166,157,4,Anchorage,Oman Gulf,Arabian Gulf
China,Taicang Anch,Null,140,135,136,1,Anchorage,East China Sea,Central China
China,Qinhuangdao Anch,Null,140,108,121,0,Anchorage,Bohai Sea,North China
China,Beihai,CNBHY,139,48,67,31,Port,South China,South China
Australia,Sydney,AUSYD,139,303,306,27,Port,Coral Sea,East Australia
USA,Newport Beach,USJNP,138,29,53,1,Port,US West Coast,US West Coast
USA,Charleston,USCHS,137,29,26,26,Port,US East Coast,US East Coast
Denmark,Copenhagen,DKCPH,137,43,53,7,Port,Kattegat,Baltic Sea
Indonesia,Taboneo Anch,IDTAB,133,72,69,33,Anchorage,Java Sea,Indonesia
United Kingdom,Gosport,GBGOS,133,82,107,0,Port,English Channel,UK Coast & Atlantic
Netherlands,Den Helder,NLDHR,132,42,61,14,Port,North Sea,UK Coast & Atlantic
China,Rizhao Anch,Null,130,332,326,1,Anchorage,Yellow Sea,North China
Netherlands,Lelystad,NLLEY,129,114,121,5,Port,North Sea,UK Coast & Atlantic
France,La Rochelle Vieux,Null,129,32,77,0,Port,Biscay Bay,UK Coast & Atlantic
Japan,Yokohama,JPYOK,128,204,234,113,Port,Japan Coast,Japan Coast
Malta,Valletta,MTMLA,128,61,67,30,Port,West Mediterranean,West Mediterranean
Netherlands,Rotterdam Maasvlakte,NLMSV,128,171,161,4,Port,Rotterdam Area,UK Coast & Atlantic
China,Quanzhou Anch,Null,128,108,105,2,Anchorage,East China Sea,South China
Brazil,Rio De Janeiro,BRRIO,127,38,43,39,Port,East Coast South America,East Coast South America
China,Chongqing,CNCQI,126,25,31,80,Port,"Inland, China","Inland, China"
Italy,La Spezia,ITSPE,124,22,30,16,Port,Ligurean Sea,West Mediterranean
Japan,Nagoya,JPNGO,122,115,114,105,Port,Japan Coast,Japan Coast
Netherlands,Ijmuiden,NLIJM,122,120,114,27,Port,North Sea,UK Coast & Atlantic
China,Huangpu Anch,Null,121,95,92,3,Anchorage,South China,South China
China,Zhujian Kou Anch,Null,120,193,194,13,Anchorage,South China,South China
Brazil,Santos,BRSSZ,119,29,28,147,Port,East Coast South America,East Coast South America
China,Wenzhou,CNWNZ,119,54,41,73,Port,East China Sea,Central China
USA,Los Angeles,USLAX,119,92,105,47,Port,US West Coast,US West Coast
China,Humen,CNHMN,119,102,102,14,Port,South China,South China
France,Antibes,FRANT,119,18,21,6,Port,Ligurean Sea,West Mediterranean
Thailand,Bangkok,THBKK,118,47,41,33,Port,Gulf of Thailand,SouthNullEast Asia
Germany,Kiel,DEKEL,118,60,89,15,Port,Kiel Canal,Baltic Sea
China,Zhoushan Anch,Null,118,150,147,5,Anchorage,East China Sea,Central China
China,Longhai,CNLGI,118,34,5,2,Port,East China Sea,South China
Philippines,Manila Anch,Null,117,41,70,11,Anchorage,Philippines,Philippines
United Kingdom,Southampton,GBSOU,116,126,119,30,Port,English Channel,UK Coast & Atlantic
Indonesia,Banjarmasin,IDBDJ,116,35,67,25,Port,Java Sea,Indonesia
Malta,Marsamxett,MTMSX,115,31,31,0,Port,West Mediterranean,West Mediterranean
Russia,Novorossiysk,RUNVS,114,56,56,45,Port,Black Sea,Black Sea
United Arab Emirates,Fujairah,AEFJR,113,127,129,200,Port,Oman Gulf,Arabian Gulf
China,Jinzhou,CNJNZ,113,193,114,47,Port,Bohai Sea,North China
China,Weifang,CNWEF,113,37,38,39,Port,Bohai Sea,North China
China,Yizheng,CNYIZ,113,77,106,9,Port,East China Sea,Central China
Greece,Flisvos,Null,113,13,35,3,Marina,Piraeus Area,East Mediterranean
Turkey,Yalova,TRYAL,112,107,105,10,Port,Marmara Sea,Black Sea
Argentina,Buenos Aires,ARBUE,111,37,33,10,Port,East Coast South America,East Coast South America
United Arab Emirates,Musaffah,AEAMF,111,30,20,10,Port,Persian Gulf,Arabian Gulf
Netherlands,Makkum,NLMAK,111,26,69,0,Port,North Sea,UK Coast & Atlantic
Netherlands,Bruinisse,NLBSE,110,89,89,5,Port,North Sea,UK Coast & Atlantic
Korea,Pyeongtaek,KRPTK,109,28,30,77,Port,Yellow Sea,North China
Vietnam,Vung Tau,VNVUT,109,98,125,63,Port,SouthNullEast Asia,SouthNullEast Asia
China,Zhuhai,CNZUH,109,104,108,62,Port,South China,South China
Australia,Darwin,AUDRW,109,22,16,25,Port,Timor Sea,North Australia
China,Caofeidian Anch,Null,108,126,127,2,Anchorage,Bohai Sea,North China
France,Le Havre,FRLEH,107,69,79,39,Port,English Channel,UK Coast & Atlantic
Poland,Szczecin,PLSZZ,107,18,24,17,Port,Baltic Sea,Baltic Sea
Norway,Oslo,NOOSL,107,73,81,13,Port,Skagerrak,Norwegian Coast
USA,Galveston,USGLS,106,123,130,24,Port,Gulf of Mexico,Gulf of Mexico
Germany,Cuxhaven,DECUX,105,45,55,15,Port,Elbe River,UK Coast & Atlantic
Indonesia,Jakarta Anch,Null,105,52,71,0,Anchorage,Java Sea,Indonesia
South Africa,Cape Town,ZACPT,104,56,58,43,Port,South Africa,South Africa
USA,Shilshole,Null,104,31,41,0,Port,US West Coast,US West Coast
Sweden,Goteborg,SEGOT,103,52,63,25,Port,Kattegat,Baltic Sea
Germany,Berlin,DEBER,103,18,20,13,Port,"Inland, Europe","Inland, Europe"
Turkey,Fethiye,TRFET,103,58,60,1,Port,East Mediterranean,East Mediterranean
Poland,Gdynia,PLGDY,102,54,48,26,Port,Baltic Sea,Baltic Sea
China,Yantai Anch,Null,102,264,266,3,Anchorage,Bohai Sea,North China
Russia,Kavkaz South Anch,Null,101,48,56,6,Anchorage,Azov Sea,Black Sea
China,Bayuquan,CNBAY,100,120,87,92,Port,Bohai Sea,North China
Bahrain,Sitrah,BHSIT,100,44,41,6,Port,Persian Gulf,Arabian Gulf
China,Xinsha,CNXNA,99,66,70,18,Port,South China,South China
Germany,Duisburg,DEDUI,98,63,78,17,Port,"Inland, Europe","Inland, Europe"
United Kingdom,Lymington,GBLYM,98,72,76,0,Port,English Channel,UK Coast & Atlantic
Netherlands,Lemmer,NLLMR,97,81,83,2,Port,North Sea,UK Coast & Atlantic
Australia,Brisbane,AUBNE,96,18,24,53,Port,Coral Sea,East Australia
China,Shekou,CNSHK,96,159,156,47,Port,South China,South China
France,Brest,FRBES,96,38,66,6,Port,Biscay Bay,UK Coast & Atlantic
China,Hongwan,CNHGW,96,31,47,3,Port,South China,South China
Belgium,Zeebrugge,BEZEE,95,41,45,36,Port,North Sea,UK Coast & Atlantic
Portugal,Lisboa,PTLIS,95,158,173,20,Port,UK Coast & Atlantic,UK Coast & Atlantic
United Kingdom,Mercury,Null,94,24,62,0,Marina,English Channel,UK Coast & Atlantic
Hungary,Budapest,HUBUD,93,17,21,38,Port,"Inland, Europe","Inland, Europe"
Spain,Vigo,ESVGO,93,65,75,31,Port,UK Coast & Atlantic,UK Coast & Atlantic
USA,Boston,USBOS,93,67,72,11,Port,US East Coast,US East Coast
Macao,Macau,MOMFM,93,48,46,5,Port,South China,South China
China,Dalian Anch,Null,93,123,123,4,Anchorage,Yellow Sea,North China
China,Bayuquan Anch,Null,93,61,108,2,Anchorage,Bohai Sea,North China
Colombia,Cartagena,COCTG,92,126,136,33,Port,North Coast South America,North Coast South America
Saudi Arabia,Dammam,SADMM,92,35,39,21,Port,Persian Gulf,Arabian Gulf
USA,Portland Or,USPDX,92,45,64,17,Port,US West Coast,US West Coast
United Kingdom,London,GBLON,92,112,110,11,Port,North Sea,UK Coast & Atlantic
Monaco,Monaco,MCMON,92,42,50,9,Port,Ligurean Sea,West Mediterranean
China,Qushan,Null,92,121,120,7,Port,East China Sea,Central China
Belgium,Nieuwpoort,BENIE,92,36,45,2,Port,English Channel,UK Coast & Atlantic
Netherlands,Hellevoetsluis,NLHSL,92,34,56,0,Port,Rotterdam Area,UK Coast & Atlantic
Russia,Astrakhan,RUASF,91,3,15,24,Port,Caspian Sea,Caspian Sea
USA,Tacoma,USTIW,91,30,39,17,Port,US West Coast,US West Coast
Netherlands,Medemblik,NLMDM,91,74,63,1,Port,North Sea,UK Coast & Atlantic
Australia,Coral Sea Marina,AUALP,91,44,39,0,Marina,East Australia,East Australia
Gibraltar,Gibraltar,GIGIB,90,79,89,100,Port,Gibraltar,West Mediterranean
Senegal,Dakar,SNDKR,90,12,20,39,Port,West Africa,West Africa
Korea,Gwangyang,KRKAN,89,78,80,76,Port,East China Sea,North China
Uruguay,Montevideo,UYMVD,89,10,11,22,Port,East Coast South America,East Coast South America
Belgium,Oostende,BEOST,89,41,56,11,Port,English Channel,UK Coast & Atlantic
China,Dongying,CNDGY,88,73,83,113,Port,Bohai Sea,North China
France,Marseille,FRMRS,88,72,91,11,Port,West Mediterranean,West Mediterranean
Argentina,Mar Del Plata,ARMDQ,88,4,12,10,Port,East Coast South America,East Coast South America
Spain,Denia,ESDNA,88,17,11,9,Port,Balearic Sea,West Mediterranean
India,Mumbai,INBOM,87,75,74,64,Port,West Coast India,West Coast India
Mauritius,Port Louis,MUPLU,87,23,27,32,Port,East Africa,East Africa
Korea,Pohang,KRKPO,87,69,70,30,Port,North China,North China
Ukraine,Izmail,UAIZM,87,18,17,19,Port,Black Sea,Black Sea
Bahrain,Muharraq,BHGBQ,87,8,6,1,Port,Persian Gulf,Arabian Gulf
China,Luoyuan,CNLYA,86,30,35,19,Port,East China Sea,South China
China,Chenjiagang,CNCIG,86,29,23,12,Port,Yellow Sea,North China
United Kingdom,Falmouth,GBFAL,86,39,54,5,Port,Celtic Sea,UK Coast & Atlantic
China,Sanya,CNSYX,86,0,5,3,Port,South China,South China
China,Sanshan,CNNHS,86,48,41,1,Port,East China Sea,"Inland, China"
Japan,Tokyo,JPTYO,85,73,88,89,Port,Japan Coast,Japan Coast
Spain,Cadiz,ESCAD,85,139,133,11,Port,Gibraltar,UK Coast & Atlantic
USA,Palm Beach,USPAB,85,15,16,4,Port,US East Coast,US East Coast
USA,Long Beach,USLGB,84,133,147,62,Port,US West Coast,US West Coast
Japan,Kobe,JPUKB,84,128,119,59,Port,Japan Coast,Japan Coast
Qatar,Ras Laffan,QARLF,84,45,48,40,Port,Persian Gulf,Arabian Gulf
USA,Baltimore,USBAL,84,44,45,30,Port,US East Coast,US East Coast
Spain,Cartagena,ESCAR,84,36,35,24,Port,West Mediterranean,West Mediterranean
China,Songmen,CNSMN,84,24,32,11,Port,East China Sea,Central China
USA,Lake Charles,USLCH,83,48,48,11,Port,Gulf of Mexico,Gulf of Mexico
United Kingdom,Hamble Point,Null,83,51,78,0,Marina,English Channel,UK Coast & Atlantic
Brazil,Santos Anch,Null,83,23,22,0,Anchorage,East Coast South America,East Coast South America
China,Jingtang,CNTGS,82,57,61,75,Port,Bohai Sea,North China
Netherlands,Terneuzen,NLTNZ,82,158,148,29,Port,Antwerp Area,UK Coast & Atlantic
Germany,Heiligenhafen,DEHHF,82,26,32,2,Port,Baltic Sea,Baltic Sea
United Arab Emirates,Sharjah Anch,Null,82,59,52,2,Anchorage,Dubai Area,Arabian Gulf
Belgium,Antwerp Anch,Null,82,52,38,0,Anchorage,North Sea,UK Coast & Atlantic
Australia,Manly Harbour,Null,82,6,22,0,Marina,Coral Sea,East Australia
China,Xiamen Anch,Null,82,59,77,0,Anchorage,East China Sea,South China
Norway,Bergen,NOBGO,81,66,70,19,Port,North Sea,Norwegian Coast
Norway,Tromso,NOTOS,81,38,55,10,Port,Norwegian Coast,Norwegian Coast
China,Dongjiakou,CNDJK,80,94,100,50,Port,Yellow Sea,North China
Finland,Helsinki,FIHEL,80,101,123,13,Port,Finland Gulf,Baltic Sea
Egypt,Suez Canal,EGSUZ,79,30,75,409,Canal,East Mediterranean,East Mediterranean
Indonesia,Palembang,IDPLM,79,31,26,30,Port,Java Sea,Indonesia
China,Huizhou Anch,Null,79,60,57,8,Anchorage,South China,South China
France,Saint Tropez,FRSTP,79,54,86,6,Marina,Ligurean Sea,West Mediterranean
USA,Bellingham,USBLI,79,29,37,5,Port,West Coast Canada,West Coast Canada
Thailand,Sriracha Anch,Null,79,36,32,3,Anchorage,Gulf of Thailand,SouthNullEast Asia
Greece,Piraeus,GRPIR,78,117,122,66,Port,Piraeus Area,East Mediterranean
China,Jimiya,CNJIM,78,166,162,3,Port,Yellow Sea,North China
China,Fangcheng Anch,Null,78,110,120,2,Anchorage,South China,South China
Thailand,Laem Chabang,THLCH,77,54,57,56,Port,Gulf of Thailand,SouthNullEast Asia
Netherlands,Vlissingen,NLVLI,77,40,49,46,Port,Antwerp Area,UK Coast & Atlantic
Germany,Bremen,DEBRE,77,22,24,17,Port,North Sea,"Inland, Europe"
France,Paris,FRPAR,77,16,16,16,Port,"Inland, Europe","Inland, Europe"
Australia,Port Hedland,AUPHE,76,59,72,95,Port,Timor Sea,West Australia
Australia,Gladstone,AUGLT,76,16,14,51,Port,Coral Sea,East Australia
Panama,Panama Anch Pacific,Null,76,82,81,0,Anchorage,Panama Canal,West Coast Central America
India,Sikka,INSIK,75,6,4,24,Port,West Coast India,West Coast India
China,Xiuyu,CNXIU,75,16,20,22,Port,East China Sea,South China
Netherlands,Hoorn,NLHRN,75,58,41,1,Port,North Sea,UK Coast & Atlantic
Bangladesh,Chittagong Anch,Null,75,22,18,0,Anchorage,Bengal Bay,East Coast India
Japan,Osaka,JPOSA,74,93,109,63,Port,Japan Coast,Japan Coast
Indonesia,Surabaya,IDSUB,74,54,58,53,Port,Java Sea,Indonesia
Saudi Arabia,Ras Tanura,SARTA,74,25,16,38,Port,Persian Gulf,Arabian Gulf
Lithuania,Klaipeda,LTKLJ,74,37,37,25,Port,Baltic Sea,Baltic Sea
South Africa,Durban,ZADUR,73,20,20,68,Port,South Africa,South Africa
Nigeria,Lagos,NGLOS,73,14,23,40,Port,Gulf of Guinea,West Africa
United Arab Emirates,Sharjah,AESHJ,73,41,52,17,Port,Persian Gulf,Arabian Gulf
Turkey,Canakkale,TRCKZ,73,10,38,14,Canal,Aegean Sea,East Mediterranean
China,Taixing,CNTAX,73,29,46,14,Port,East China Sea,Central China
Norway,Myre,NOMYR,73,18,13,5,Port,Norwegian Coast,Norwegian Coast
Netherlands,Stavoren,NLSTA,73,79,73,1,Port,North Sea,UK Coast & Atlantic
China,Ningde,CNNDE,72,34,36,86,Port,East China Sea,South China
China,Shenzhen,CNSZX,72,166,198,55,Port,South China,South China
India,Hazira,INHZR,72,67,71,27,Port,West Coast India,West Coast India
Spain,Ibiza,ESIBZ,72,96,92,22,Port,Balearic Sea,West Mediterranean
Thailand,Phuket,THHKT,72,29,25,2,Port,Andaman Sea,SouthNullEast Asia
Spain,Algeciras,ESALG,71,191,202,93,Port,Gibraltar,West Mediterranean
Chile,Puerto Montt,CLPMC,71,21,22,15,Port,West South America,West South America
Ukraine,Reni,UARNI,71,3,5,14,Port,"Inland, Europe","Inland, Europe"
USA,Honolulu,USHNL,71,32,33,10,Port,Hawaii,North Pacific
USA,Everett,USPAE,71,16,25,8,Port,US West Coast,US West Coast
France,Lorient,FRLRT,71,38,59,8,Port,Biscay Bay,UK Coast & Atlantic
China,Jintang,Null,71,35,46,3,Port,East China Sea,Central China
Greece,Zea,GRMAZ,71,8,14,2,Marina,Piraeus Area,East Mediterranean
Norway,Stavanger,NOSVG,70,95,113,11,Port,North Sea,Norwegian Coast
United Arab Emirates,Zakum,Null,70,34,35,11,Port,Persian Gulf,Arabian Gulf
USA,Portland Me,USPWM,70,38,45,2,Port,US East Coast,US East Coast
United Arab Emirates,Jebel Ali,AEJEA,69,64,60,75,Port,Persian Gulf,Arabian Gulf
Italy,Livorno,ITLIV,69,28,28,37,Port,Ligurean Sea,West Mediterranean
Argentina,Recalada,Null,69,18,12,37,Anchorage,East Coast South America,East Coast South America
Saudi Arabia,Dammam Anch,Null,69,31,36,0,Anchorage,Persian Gulf,Arabian Gulf
USA,Houston Anch,Null,69,45,41,0,Anchorage,Gulf of Mexico,Gulf of Mexico
Netherlands,Monnickendam,NLMNN,69,29,43,0,Port,North Sea,UK Coast & Atlantic
Canada,Halifax,CAHAL,68,18,19,39,Port,East Coast Canada,East Coast Canada
China,Laizhou,CNLZO,68,150,160,25,Port,Bohai Sea,North China
Latvia,Riga,LVRIX,68,29,26,23,Port,Baltic Sea,Baltic Sea
Norway,Batsfjord,NOBJF,68,17,15,6,Port,Norwegian Coast,Norwegian Coast
Guernsey,Guernsey,GGGCI,68,24,31,1,Port,English Channel,UK Coast & Atlantic
China,Changshu Anch,Null,68,154,154,0,Anchorage,East China Sea,Central China
United Kingdom,Cowes,GBCOW,68,152,106,0,Port,English Channel,UK Coast & Atlantic
Jersey,St Helier,JESTH,67,28,28,7,Port,English Channel,UK Coast & Atlantic
Peru,Callao Anch,Null,67,48,53,3,Anchorage,West South America,West South America
Hong Kong,Hong Kong Anch,Null,67,117,112,3,Anchorage,South China,South China
China,Qingdao Anch,Null,67,120,91,2,Anchorage,Yellow Sea,North China
Germany,Neustadt,DENDT,67,20,27,1,Port,Baltic Sea,Baltic Sea
Saudi Arabia,Jeddah,SAJED,66,37,37,53,Port,Red Sea,Red Sea
Denmark,Skagen,DKSKA,66,28,44,37,Port,Kattegat,Baltic Sea
USA,Oakland,USOAK,66,36,44,19,Port,US West Coast,US West Coast
Bulgaria,Varna,BGVAR,66,6,7,15,Port,Black Sea,Black Sea
Australia,Fremantle,AUFRE,66,58,59,12,Port,West Australia,West Australia
Vietnam,Nghi Son,VNNGH,66,17,20,11,Port,SouthNullEast Asia,SouthNullEast Asia
Netherlands,Lelystad Haven,Null,66,34,45,4,Port,North Sea,UK Coast & Atlantic
Netherlands,Sneek,NLSNK,66,36,46,2,Port,North Sea,UK Coast & Atlantic
USA,Channel Islands,Null,66,18,24,0,Port,US West Coast,US West Coast
China,Huangge,CNHGE,66,42,42,0,Port,South China,South China
Turkey,Iskenderun,TRISK,65,60,61,58,Port,East Mediterranean,East Mediterranean
Russia,Moscow,RUMOW,65,8,9,10,Port,"Inland, Russia","Inland, Russia"
United Kingdom,Grimsby,GBGSY,65,36,61,6,Port,North Sea,UK Coast & Atlantic
Netherlands,Den Oever,NLWRG,65,62,52,5,Port,North Sea,UK Coast & Atlantic
Germany,Nordnullostseenullkanal,DECKL,65,84,82,5,Canal,Kiel Canal,UK Coast & Atlantic
Australia,Hope Island,AUHPL,65,10,11,1,Port,Coral Sea,East Australia
USA,Gig Harbor,USGGZ,65,15,25,0,Marina,US West Coast,US West Coast
Bangladesh,Chittagong,BDCGP,64,17,13,105,Port,Bengal Bay,East Coast India
Panama,Panama Canal,PAPCN,64,149,140,77,Canal,Panama Canal,West Coast Central America
Brazil,Paranagua,BRPNG,64,9,10,41,Port,East Coast South America,East Coast South America
France,Fos Sur Mer,FRFOS,64,27,35,23,Port,West Mediterranean,West Mediterranean
China,Qidong,CNQID,64,12,19,20,Port,East China Sea,Central China
Malaysia,Penang,MYPEN,64,48,52,16,Port,Malacca Strait,Indonesia
United Arab Emirates,Hamriya,AEHAM,64,8,6,14,Port,Persian Gulf,Arabian Gulf
Russia,Petropavlovsk,RUPKC,64,15,11,10,Port,Bering Sea,CIS Pacific
United Arab Emirates,Khor Fakkan Anch,Null,64,62,55,2,Anchorage,Oman Gulf,Arabian Gulf
Taiwan,Kaohsiung Anch,Null,64,36,32,0,Anchorage,South China,South China
Korea,Daesan,KRTSN,63,69,65,49,Port,Yellow Sea,North China
Spain,Tarragona,ESTAR,63,45,26,35,Port,Balearic Sea,West Mediterranean
Portugal,Leixoes,PTLEI,63,66,55,28,Port,UK Coast & Atlantic,UK Coast & Atlantic
China,Changxindao,CNCXD,63,29,29,18,Port,Bohai Sea,North China
USA,Port Arthur,USPOA,63,47,49,16,Port,Gulf of Mexico,Gulf of Mexico
USA,Chicago,USCHI,63,21,18,10,Port,Lake Michigan,Great Lakes
Netherlands,Delfzijl,NLDZL,63,26,23,9,Port,North Sea,UK Coast & Atlantic
Netherlands,Scheveningen,NLSCE,63,34,35,9,Port,Rotterdam Area,UK Coast & Atlantic
China,Zhanjiang Anch,Null,63,27,21,3,Anchorage,South China,South China
Canada,False Creek,Null,63,30,36,0,Marina,West Coast Canada,West Coast Canada
Peru,Callao,PECLL,62,61,58,45,Port,West South America,West South America
Australia,Melbourne,AUMEL,62,31,37,32,Port,Tasman Sea,East Australia
India,Mundra,INMUN,62,38,40,31,Port,West Coast India,West Coast India
Israel,Haifa,ILHFA,62,26,20,20,Port,East Mediterranean,East Mediterranean
France,Rouen,FRURO,62,15,28,17,Port,"Inland, Europe","Inland, Europe"
China,Xiangshan,CNXSN,62,16,23,11,Port,East China Sea,Central China
Denmark,Hirtshals,DKHIR,62,24,46,10,Port,Kattegat,UK Coast & Atlantic
Netherlands,Zaandam,NLZAA,62,33,33,4,Port,North Sea,UK Coast & Atlantic
Iran,Bandar Abbas Anch,Null,62,26,20,1,Anchorage,Persian Gulf,Arabian Gulf
China,Lijiang,CNLIJ,62,31,51,1,Port,South China,South China
Greece,Gouvia,Null,62,18,22,0,Marina,Ionian Sea,East Mediterranean
India,Kochi,INCOK,61,38,43,26,Port,West Coast India,West Coast India
USA,Tampa,USTPA,61,23,21,17,Port,Gulf of Mexico,Gulf of Mexico
USA,Jacksonville,USJAX,61,12,13,15,Port,US East Coast,US East Coast
Turkey,Tuzla Anch,Null,61,48,53,0,Anchorage,Marmara Sea,Black Sea
Italy,Venice,ITVCE,60,30,28,28,Port,Adriatic Sea,Adriatic Sea
Saudi Arabia,Al Jubail,SAJUB,60,15,21,27,Port,Persian Gulf,Arabian Gulf
China,Haikou,CNHAK,60,28,44,25,Port,South China,South China
Netherlands,Moerdijk,NLMOE,60,28,38,20,Port,North Sea,UK Coast & Atlantic
Germany,Wilhelmshaven,DEWVN,60,15,22,17,Port,North Sea,UK Coast & Atlantic
China,Chek Lap Kok,CNTPO,60,113,114,9,Port,South China,South China
Germany,Travemunde,DETRV,60,54,54,6,Port,Baltic Sea,Baltic Sea
Netherlands,Amsterdam Anch,Null,60,32,29,0,Anchorage,North Sea,UK Coast & Atlantic
Sri Lanka,Colombo,LKCMB,59,16,15,60,Port,Laccadive Sea,East Coast India
USA,Corpus Christi,USCRP,59,33,30,41,Port,Gulf of Mexico,Gulf of Mexico
China,Lushun,CNLSH,59,85,94,16,Port,Bohai Sea,North China
Ecuador,Guayaquil,ECGYE,59,10,11,13,Port,West South America,West South America
Germany,Lubeck,DELBC,59,24,39,9,Port,Baltic Sea,Baltic Sea
Australia,Cairns,AUCNS,59,25,29,7,Port,Coral Sea,East Australia
Portugal,Portimao,PTPRM,59,26,22,7,Port,UK Coast & Atlantic,UK Coast & Atlantic
Denmark,Hanstholm,DKHAN,59,9,31,6,Port,North Sea,UK Coast & Atlantic
United Kingdom,Lowestoft,GBLOW,59,25,34,3,Port,North Sea,UK Coast & Atlantic
Guinea,Kamsar Anch,Null,59,32,29,2,Anchorage,West Africa,West Africa
Canada,Toronto,CATOR,59,9,9,1,Port,Lake Ontario,Great Lakes
Norway,Kjollefjord,NOKJF,59,13,9,0,Port,Norwegian Coast,Norwegian Coast
Togo,Lome Anch,Null,59,12,14,0,Anchorage,Gulf of Guinea,West Africa
USA,Marina Plaza Harbor,Null,59,22,29,0,Marina,US West Coast,US West Coast
Russia,Arkhangelsk,RUARH,58,2,1,19,Port,White Sea,North Coast CIS
Korea,Busan New Port,KRBNP,58,88,79,18,Port,North China,North China
Italy,Napoli,ITNAP,58,31,30,16,Port,Tyrrhenian Sea,West Mediterranean
Spain,Torrevieja,ESTOR,58,22,23,6,Port,West Mediterranean,West Mediterranean
Vietnam,Hon Gai Anch,Null,58,22,20,3,Anchorage,SouthNullEast Asia,SouthNullEast Asia
France,Port Du Crouesty,FRRZN,58,18,49,0,Port,Biscay Bay,UK Coast & Atlantic
Netherlands,Rotterdam Anch,Null,58,29,23,0,Anchorage,North Sea,UK Coast & Atlantic
USA,Waterford Harbor,Null,58,11,17,0,Marina,Gulf of Mexico,Gulf of Mexico
Japan,Mizushima,JPMIZ,57,87,80,93,Port,Japan Coast,Japan Coast
Russia,Rostovnullonnulldon,RUROV,57,17,28,62,Port,Azov Sea,"Inland, Russia"
Denmark,Esbjerg,DKEBJ,57,60,69,15,Port,North Sea,UK Coast & Atlantic
Netherlands,Lauwersoog,NLLAN,57,59,46,15,Port,North Sea,UK Coast & Atlantic
Japan,Tokyo Bay,Null,57,200,181,3,Anchorage,Japan Coast,Japan Coast
United Kingdom,Poole,GBPOO,57,29,46,1,Port,English Channel,UK Coast & Atlantic
Bahrain,Galali,BHQAL,57,2,1,0,Port,Persian Gulf,Arabian Gulf
United Kingdom,Solent,Null,57,12,32,0,Port,English Channel,UK Coast & Atlantic
Malaysia,Tanjung Pelepas Anch,Null,57,50,51,0,Anchorage,Singapore Area,Indonesia
Spain,Coruna,ESLCG,56,43,41,20,Port,Biscay Bay,UK Coast & Atlantic
Korea,Gohyeon,KRKHN,56,35,36,8,Port,North China,North China
China,Lian Jiang,CNLNJ,56,37,25,3,Port,East China Sea,South China
Finland,Turku,FITKU,56,10,14,2,Port,Bothnia Gulf,Baltic Sea
Canada,Van Isle,Null,56,15,24,0,Marina,West Coast Canada,West Coast Canada
China,Binzhou,CNBIN,55,44,42,38,Port,Bohai Sea,North China
Russia,Ustnullluga,RUULU,55,43,42,37,Port,Finland Gulf,Baltic Sea
Angola,Luanda,AOLAD,55,13,11,36,Port,West Africa,West Africa
Russia,Nakhodka,RUNJK,55,16,23,34,Port,CIS Pacific,CIS Pacific
Ivory Coast,Abidjan,CIABJ,55,6,5,27,Port,Gulf of Guinea,West Africa
Taiwan,Taipei,TWTPE,55,13,15,26,Port,East China Sea,South China
Australia,Townsville,AUTSV,55,57,62,13,Port,Coral Sea,East Australia
Nigeria,Port Harcourt,NGPHC,55,16,15,2,Port,Gulf of Guinea,West Africa
United Kingdom,Portland Uk,GBPTL,55,22,28,1,Port,English Channel,UK Coast & Atlantic
Netherlands,Muiderzand,Null,55,19,39,0,Port,North Sea,UK Coast & Atlantic
Mexico,Dos Bocas,MXDBT,54,24,26,33,Port,Gulf of Mexico,Gulf of Mexico
Canada,Quebec,CAQUE,54,17,21,20,Port,St. Lawrence River,East Coast Canada
New Caledonia,Noumea,NCNOU,54,29,33,14,Port,Coral Sea,East Australia
Germany,Emden,DEEME,54,29,38,12,Port,North Sea,UK Coast & Atlantic
Turkey,Nemrut,TRNEM,54,46,44,11,Port,Aegean Sea,East Mediterranean
Poland,Swinoujscie,PLSWI,54,40,30,11,Port,Baltic Sea,Baltic Sea
Netherlands,Maasbracht,NLMSB,54,36,41,7,Port,"Inland, Europe","Inland, Europe"
Korea,Yeosu Anch,Null,54,121,100,7,Anchorage,East China Sea,North China
Italy,Sanremo,ITSRE,54,9,7,5,Port,Ligurean Sea,West Mediterranean
Netherlands,Volendam,NLVOD,54,45,50,2,Port,North Sea,UK Coast & Atlantic
USA,Alamitos Bay,Null,54,12,26,0,Marina,US West Coast,US West Coast
Netherlands,Hindeloopen,NLHLP,54,33,36,0,Port,North Sea,UK Coast & Atlantic
Germany,Laboe,DELAB,54,34,50,0,Marina,Kiel Canal,Baltic Sea
Korea,Tongyeong,KRTYG,53,82,94,57,Port,North China,North China
Japan,Sakai,JPSAK,53,100,97,54,Port,Japan Coast,Japan Coast
USA,Mobile,USMOB,53,19,22,32,Port,Gulf of Mexico,Gulf of Mexico
Canada,Prince Rupert,CAPRR,53,41,46,17,Port,West Coast Canada,West Coast Canada
Korea,Samcheonpo,KRSCP,53,29,42,15,Port,North China,North China
Denmark,Gilleleje,DKGLE,53,19,26,4,Port,Kattegat,Baltic Sea
Netherlands,Flevo Marina,Null,53,27,42,0,Port,North Sea,UK Coast & Atlantic
Brazil,Paranagua Anch,Null,53,3,8,0,Anchorage,East Coast South America,East Coast South America
United Kingdom,Port Hamble,Null,53,22,39,0,Marina,English Channel,UK Coast & Atlantic
Australia,Southport Qld,AUSHQ,53,22,20,0,Port,Coral Sea,East Australia
New Zealand,Auckland,NZAKL,52,74,85,26,Port,East Australia,East Australia
Puerto Rico,San Juan,PRSJU,52,4,5,22,Port,Caribbean Sea,Caribbean Sea
Japan,Kushiro,JPKUH,52,73,57,20,Port,Japan Coast,Japan Coast
USA,Kodiak,USADQ,52,5,3,18,Port,Gulf of Alaska,Alaska
United Kingdom,Liverpool,GBLIV,52,31,45,12,Port,Irish Sea,UK Coast & Atlantic
Denmark,Aalborg,DKAAL,52,9,22,7,Port,Kattegat,UK Coast & Atlantic
Netherlands,Stellendam,NLSTD,52,21,16,6,Port,Rotterdam Area,UK Coast & Atlantic
USA,New Bedford,USNBD,52,6,5,4,Port,US East Coast,US East Coast
Greece,Agios Kosmas,Null,52,4,17,2,Marina,Piraeus Area,East Mediterranean
Greece,Alimos,GRAIO,52,24,24,2,Marina,Piraeus Area,East Mediterranean
USA,Aventura,USAVU,52,8,9,0,Port,US East Coast,US East Coast
Nigeria,Lagos Anch,Null,52,23,26,0,Anchorage,Gulf of Guinea,West Africa
Sweden,Langedrag,SELGD,52,58,75,0,Port,Kattegat,Baltic Sea
Panama,Panama Anch Atlantic,Null,52,26,31,0,Anchorage,Panama Canal,East Coast Central America
China,Fuzhou,CNFOC,51,18,23,89,Port,East China Sea,South China
Korea,Onsan,KRONS,51,121,121,26,Port,North China,North China
China,Penglai,CNPLI,51,63,61,22,Port,Bohai Sea,North China
USA,Port Everglades,USPEF,51,23,21,22,Port,US East Coast,US East Coast
India,Kakinada,INKAK,51,8,10,21,Port,Bengal Bay,East Coast India
Japan,Naha,JPNAH,51,33,42,15,Port,East China Sea,Japan Coast
